ref	cabs
A:229:D	A:229:D
A:230:M	A:230:M
A:231:P	A:231:P
A:232:V	A:232:V
A:233:E	A:233:E
A:234:R	A:234:R
A:235:I	A:235:I
A:236:L	A:236:L
A:237:E	A:237:E
A:238:A	A:238:A
A:239:E	A:239:E
A:240:L	A:240:L
A:241:A	A:241:A
A:242:V	A:242:V
A:243:E	A:243:E
A:263:D	A:263:D
A:264:P	A:264:P
A:265:V	A:265:V
A:266:T	A:266:T
A:267:N	A:267:N
A:268:I	A:268:I
A:269:C	A:269:C
A:270:Q	A:270:Q
A:271:A	A:271:A
A:272:A	A:272:A
A:273:D	A:273:D
A:274:K	A:274:K
A:275:Q	A:275:Q
A:276:L	A:276:L
A:277:F	A:277:F
A:278:T	A:278:T
A:279:L	A:279:L
A:280:V	A:280:V
A:281:E	A:281:E
A:282:W	A:282:W
A:283:A	A:283:A
A:284:K	A:284:K
A:285:R	A:285:R
A:286:I	A:286:I
A:287:P	A:287:P
A:288:H	A:288:H
A:289:F	A:289:F
A:290:S	A:290:S
A:291:E	A:291:E
A:292:L	A:292:L
A:293:P	A:293:P
A:294:L	A:294:L
A:295:D	A:295:D
A:296:D	A:296:D
A:297:Q	A:297:Q
A:298:V	A:298:V
A:299:I	A:299:I
A:300:L	A:300:L
A:301:L	A:301:L
A:302:R	A:302:R
A:303:A	A:303:A
A:304:G	A:304:G
A:305:W	A:305:W
A:306:N	A:306:N
A:307:E	A:307:E
A:308:L	A:308:L
A:309:L	A:309:L
A:310:I	A:310:I
A:311:A	A:311:A
A:312:S	A:312:S
A:313:F	A:313:F
A:314:S	A:314:S
A:315:H	A:315:H
A:316:R	A:316:R
A:317:S	A:317:S
A:318:I	A:318:I
A:319:A	A:319:A
A:320:V	A:320:V
A:321:K	A:321:K
A:322:D	A:322:D
A:323:G	A:323:G
A:324:I	A:324:I
A:325:L	A:325:L
A:326:L	A:326:L
A:327:A	A:327:A
A:328:T	A:328:T
A:329:G	A:329:G
A:330:L	A:330:L
A:331:H	A:331:H
A:332:V	A:332:V
A:333:H	A:333:H
A:334:R	A:334:R
A:335:N	A:335:N
A:336:S	A:336:S
A:337:A	A:337:A
A:338:H	A:338:H
A:339:S	A:339:S
A:340:A	A:340:A
A:341:G	A:341:G
A:342:V	A:342:V
A:343:G	A:343:G
A:344:A	A:344:A
A:345:I	A:345:I
A:346:F	A:346:F
A:347:D	A:347:D
A:348:R	A:348:R
A:349:V	A:349:V
A:350:L	A:350:L
A:351:T	A:351:T
A:352:E	A:352:E
A:353:L	A:353:L
A:354:V	A:354:V
A:355:S	A:355:S
A:356:K	A:356:K
A:357:M	A:357:M
A:358:R	A:358:R
A:359:D	A:359:D
A:360:M	A:360:M
A:361:Q	A:361:Q
A:362:M	A:362:M
A:363:D	A:363:D
A:364:K	A:364:K
A:365:T	A:365:T
A:366:E	A:366:E
A:367:L	A:367:L
A:368:G	A:368:G
A:369:C	A:369:C
A:370:L	A:370:L
A:371:R	A:371:R
A:372:A	A:372:A
A:373:I	A:373:I
A:374:V	A:374:V
A:375:L	A:375:L
A:376:F	A:376:F
A:377:N	A:377:N
A:378:P	A:378:P
A:379:D	A:379:D
A:380:S	A:380:S
A:381:K	A:381:K
A:382:G	A:382:G
A:383:L	A:383:L
A:384:S	A:384:S
A:385:N	A:385:N
A:386:P	A:386:P
A:387:A	A:387:A
A:388:E	A:388:E
A:389:V	A:389:V
A:390:E	A:390:E
A:391:A	A:391:A
A:392:L	A:392:L
A:393:R	A:393:R
A:394:E	A:394:E
A:395:K	A:395:K
A:396:V	A:396:V
A:397:Y	A:397:Y
A:398:A	A:398:A
A:399:S	A:399:S
A:400:L	A:400:L
A:401:E	A:401:E
A:402:A	A:402:A
A:403:Y	A:403:Y
A:404:C	A:404:C
A:405:K	A:405:K
A:406:H	A:406:H
A:407:K	A:407:K
A:408:Y	A:408:Y
A:409:P	A:409:P
A:410:E	A:410:E
A:411:Q	A:411:Q
A:412:P	A:412:P
A:413:G	A:413:G
A:414:R	A:414:R
A:415:F	A:415:F
A:416:A	A:416:A
A:417:K	A:417:K
A:418:L	A:418:L
A:419:L	A:419:L
A:420:L	A:420:L
A:421:R	A:421:R
A:422:L	A:422:L
A:423:P	A:423:P
A:424:A	A:424:A
A:425:L	A:425:L
A:426:R	A:426:R
A:427:S	A:427:S
A:428:I	A:428:I
A:429:G	A:429:G
A:430:L	A:430:L
A:431:K	A:431:K
A:432:C	A:432:C
A:433:L	A:433:L
A:434:E	A:434:E
A:435:H	A:435:H
A:436:L	A:436:L
A:437:F	A:437:F
A:438:F	A:438:F
A:439:F	A:439:F
A:440:K	A:440:K
A:441:L	A:441:L
A:442:I	A:442:I
A:443:G	A:443:G
A:444:D	A:444:D
A:445:T	A:445:T
A:446:P	A:446:P
A:447:I	A:447:I
A:448:D	A:448:D
A:449:T	A:449:T
A:450:F	A:450:F
A:451:L	A:451:L
A:452:M	A:452:M
A:453:E	A:453:E
A:454:M	A:454:M
A:455:L	A:455:L
A:456:E	A:456:E
A:457:A	A:457:A
A:458:P	A:458:P
