reference	template
M:23:E	A:23:E
M:24:Q	A:24:Q
M:25:E	A:25:E
M:26:T	A:26:T
M:27:L	A:27:L
M:28:V	A:28:V
M:29:R	A:29:R
M:30:P	A:30:P
M:31:K	A:31:K
M:32:P	A:32:P
M:33:L	A:33:L
M:34:L	A:34:L
M:35:L	A:35:L
M:36:K	A:36:K
M:37:L	A:37:L
M:38:L	A:38:L
M:39:K	A:39:K
M:40:S	A:40:S
M:41:V	A:41:V
M:42:G	A:42:G
M:43:A	A:43:A
M:44:Q	A:44:Q
M:45:K	A:45:K
M:46:D	A:46:D
M:47:T	A:47:T
M:48:Y	A:48:Y
M:49:T	A:49:T
M:50:M	A:50:M
M:51:K	A:51:K
M:52:E	A:52:E
M:53:V	A:53:V
M:54:L	A:54:L
M:55:F	A:55:F
M:56:Y	A:56:Y
M:57:L	A:57:L
M:58:G	A:58:G
M:59:Q	A:59:Q
M:60:Y	A:60:Y
M:61:I	A:61:I
M:62:M	A:62:M
M:63:T	A:63:T
M:64:K	A:64:K
M:65:R	A:65:R
M:66:L	A:66:L
M:67:Y	A:67:Y
M:68:D	A:68:D
M:69:E	A:69:E
M:70:K	A:70:K
M:71:Q	A:71:Q
M:72:Q	A:72:Q
M:73:H	A:73:H
M:74:I	A:74:I
M:75:V	A:75:V
M:76:Y	A:76:Y
M:77:C	A:77:C
M:78:S	A:78:S
M:79:N	A:79:N
M:80:D	A:80:D
M:81:L	A:81:L
M:82:L	A:82:L
M:83:G	A:83:G
M:84:D	A:84:D
M:85:L	A:85:L
M:86:F	A:86:F
M:87:G	A:87:G
M:88:V	A:88:V
M:89:P	A:89:P
M:90:S	A:90:S
M:91:F	A:91:F
M:92:S	A:92:S
M:93:V	A:93:V
M:94:K	A:94:K
M:95:E	A:95:E
M:96:H	A:96:H
M:97:R	A:97:R
M:98:K	A:98:K
M:99:I	A:99:I
M:100:Y	A:100:Y
M:101:T	A:101:T
M:102:M	A:102:M
M:103:I	A:103:I
M:104:Y	A:104:Y
M:105:R	A:105:R
M:106:N	A:106:N
M:107:L	A:107:L
M:108:V	A:108:V
M:109:V	A:109:V
M:110:V	A:110:V
